{
  "Sensitive": {
    "precision": 0.6153846153846154,
    "recall": 0.45714285714285713,
    "f1-score": 0.5245901639344263,
    "support": 35.0
  },
  "Low": {
    "precision": 0.5942028985507246,
    "recall": 0.6612903225806451,
    "f1-score": 0.6259541984732825,
    "support": 62.0
  },
  "Medium": {
    "precision": 0.6101694915254238,
    "recall": 0.8780487804878049,
    "f1-score": 0.72,
    "support": 41.0
  },
  "High": {
    "precision": 0.9615384615384616,
    "recall": 0.5952380952380952,
    "f1-score": 0.7352941176470589,
    "support": 42.0
  },
  "accuracy": 0.6555555555555556,
  "macro avg": {
    "precision": 0.6953238667498064,
    "recall": 0.6479300138623506,
    "f1-score": 0.651459620013692,
    "support": 180.0
  },
  "weighted avg": {
    "precision": 0.6876700321431346,
    "recall": 0.6555555555555556,
    "f1-score": 0.6531787165790273,
    "support": 180.0
  }
}