{
  "High": {
    "precision": 0.7441860465116279,
    "recall": 0.7619047619047619,
    "f1-score": 0.7529411764705882,
    "support": 42.0
  },
  "Low": {
    "precision": 0.6551724137931034,
    "recall": 0.6129032258064516,
    "f1-score": 0.6333333333333333,
    "support": 62.0
  },
  "Medium": {
    "precision": 0.6818181818181818,
    "recall": 0.7317073170731707,
    "f1-score": 0.7058823529411765,
    "support": 41.0
  },
  "Sensitive": {
    "precision": 0.5714285714285714,
    "recall": 0.5714285714285714,
    "f1-score": 0.5714285714285714,
    "support": 35.0
  },
  "accuracy": 0.6666666666666666,
  "macro avg": {
    "precision": 0.6631513033878711,
    "recall": 0.6694859690532389,
    "f1-score": 0.6658963585434174,
    "support": 180.0
  },
  "weighted avg": {
    "precision": 0.6657280503511458,
    "recall": 0.6666666666666666,
    "f1-score": 0.6657298474945533,
    "support": 180.0
  }
}